{"l1_ratio": 0.3, "alpha_min_ratio": 0.05, "rcv_best_alpha": [0.0464028539704522], "filtered_best_alpha": [0.10827115554419076]}