{"l1_ratio": 0.4, "alpha_min_ratio": 0.05, "rcv_best_alpha": [0.08663213309265702], "filtered_best_alpha": [0.0602529621310348]}