{"l1_ratio": 0.9, "alpha_min_ratio": 0.1, "rcv_best_alpha": [0.01289820551920234], "filtered_best_alpha": [0.026525318405850176]}