params,mean_concordance,std_concordance,split0_c_index,split1_c_index,split2_c_index,split3_c_index,split4_c_index
"{'batch_size': 64, 'dropout': 0.5, 'epochs': 150, 'hidden1': 32, 'hidden2': 128, 'lr': 0.01}",0.5920287495770135,0.0682540732796071,0.6641366223908919,0.5557768924302788,0.6833855799373041,0.5414937759336099,0.5153508771929824
"{'batch_size': 64, 'dropout': 0.5, 'epochs': 150, 'hidden1': 32, 'hidden2': 128, 'lr': 0.001}",0.4929191547839478,0.07459447969515512,0.47248576850094876,0.601593625498008,0.3761755485893417,0.47925311203319504,0.5350877192982456
"{'batch_size': 64, 'dropout': 0.5, 'epochs': 150, 'hidden1': 32, 'hidden2': 128, 'lr': 0.0001}",0.45845697305194016,0.15420532674518603,0.4079696394686907,0.450199203187251,0.22884012539184953,0.7074688796680498,0.49780701754385964
