params,mean_concordance,std_concordance,split0_c_index,split1_c_index,split2_c_index,split3_c_index,split4_c_index,split5_c_index,split6_c_index,split7_c_index,split8_c_index,split9_c_index
"{'batch_size': 64, 'decay_lr': 0.003, 'dropout': 0.3, 'epochs': 150, 'hidden1': 128, 'hidden2': 64, 'hidden3': 32, 'hidden4': 16, 'lr': 0.01}",0.7112735217360587,0.18602753766136332,0.37037037037037035,0.8333333333333334,0.7727272727272727,0.7130434782608696,0.4411764705882353,0.9666666666666667,0.7384615384615385,0.7266187050359713,0.9538461538461539,0.5964912280701754
"{'batch_size': 64, 'decay_lr': 0.003, 'dropout': 0.3, 'epochs': 150, 'hidden1': 128, 'hidden2': 128, 'hidden3': 32, 'hidden4': 16, 'lr': 0.01}",0.7332807969274772,0.17542805977680503,0.48148148148148145,0.8525641025641025,0.7803030303030303,0.8,0.39705882352941174,0.9444444444444444,0.823076923076923,0.7266187050359713,0.9307692307692308,0.5964912280701754
